value;areas;bedrooms;spaces;bathrooms
134990.0;32.0;1.0;0.0;1.0
222000.0;46.0;2.0;1.0;1.0
682500.0;67.0;2.0;1.0;
6500000.0;1000.0;6.0;4.0;8.0
2600000.0;592.0;4.0;10.0;6.0
1500000.0;281.0;5.0;4.0;5.0
650000.0;130.0;2.0;4.0;4.0
370000.0;158.0;3.0;2.0;2.0
2900000.0;600.0;6.0;12.0;7.0
1200000.0;260.0;4.0;4.0;4.0
1600000.0;390.0;5.0;4.0;6.0
399000.0;116.0;4.0;4.0;3.0
3000000.0;600.0;6.0;10.0;
385000.0;100.0;3.0;2.0;3.0
1800000.0;352.0;4.0;4.0;7.0
2400000.0;500.0;6.0;8.0;8.0
380000.0;110.0;2.0;3.0;1.0
450000.0;188.0;3.0;2.0;3.0
409000.0;112.0;3.0;2.0;3.0
388800.0;120.0;3.0;3.0;3.0
260000.0;71.0;2.0;1.0;2.0
410000.0;120.0;3.0;3.0;3.0
5500000.0;1000.0;6.0;15.0;8.0
1600000.0;400.0;6.0;6.0;7.0
975000.0;204.0;4.0;2.0;4.0
310000.0;81.0;3.0;2.0;2.0
375000.0;66.0;2.0;1.0;2.0
180000.0;53.0;2.0;1.0;1.0
4500000.0;460.0;6.0;6.0;6.0
13500000.0;800.0;6.0;;8.0
750000.0;250.0;4.0;5.0;5.0
250000.0;60.0;3.0;;3.0
360000.0;112.0;3.0;1.0;2.0
16000000.0;818.0;10.0;4.0;14.0
960000.0;225.0;6.0;5.0;4.0
390000.0;110.0;3.0;3.0;3.0
530000.0;174.0;3.0;4.0;4.0
595000.0;250.0;3.0;4.0;4.0
780000.0;215.0;3.0;3.0;4.0
371000.0;89.0;2.0;2.0;2.0
380000.0;66.0;2.0;2.0;2.0
550000.0;190.0;3.0;4.0;3.0
540000.0;283.0;4.0;5.0;5.0
385000.0;105.0;3.0;2.0;3.0
360000.0;185.0;3.0;5.0;2.0
420000.0;140.0;5.0;4.0;5.0
900000.0;600.0;4.0;5.0;4.0
2800000.0;421.0;5.0;4.0;5.0
139900.0;46.0;2.0;2.0;1.0
202900.0;47.0;2.0;1.0;1.0
538000.0;127.0;3.0;3.0;3.0
180000.0;53.0;2.0;1.0;1.0
16000000.0;818.0;10.0;4.0;14.0
18000000.0;1600.0;8.0;4.0;10.0
220000.0;90.0;2.0;11.0;2.0
880000.0;600.0;4.0;5.0;4.0
1200000.0;177.0;4.0;4.0;3.0
220000.0;117.0;2.0;1.0;2.0
2500000.0;345.0;5.0;6.0;6.0
580000.0;300.0;5.0;3.0;4.0
280000.0;97.0;3.0;1.0;2.0
190000.0;78.0;2.0;1.0;2.0
650000.0;190.0;3.0;2.0;4.0
1150000.0;200.0;4.0;4.0;4.0
435000.0;300.0;3.0;2.0;3.0
350000.0;89.0;2.0;2.0;2.0
620000.0;250.0;4.0;2.0;3.0
380000.0;85.0;3.0;2.0;2.0
880000.0;689.0;5.0;4.0;6.0
600000.0;232.0;3.0;3.0;5.0
450000.0;132.0;3.0;2.0;2.0
650000.0;290.0;5.0;5.0;3.0
265000.0;78.0;2.0;1.0;2.0
18000000.0;1600.0;8.0;4.0;10.0
6000000.0;1250.0;6.0;6.0;8.0
540000.0;290.0;3.0;4.0;3.0
295000.0;70.0;2.0;2.0;2.0
360000.0;120.0;2.0;2.0;2.0
360000.0;90.0;2.0;1.0;2.0
240000.0;76.0;2.0;1.0;2.0
920000.0;300.0;4.0;4.0;5.0
2300000.0;382.0;5.0;;6.0
850000.0;251.0;4.0;4.0;3.0
285000.0;999.0;3.0;1.0;2.0
360000.0;150.0;3.0;3.0;3.0
350000.0;78.0;2.0;2.0;3.0
295000.0;120.0;2.0;1.0;2.0
660000.0;150.0;3.0;2.0;4.0
880000.0;230.0;4.0;4.0;6.0
760000.0;287.0;3.0;5.0;2.0
360000.0;96.0;3.0;1.0;2.0
360000.0;95.0;3.0;1.0;3.0
265901.0;141.0;3.0;1.0;2.0
690000.0;187.0;3.0;3.0;4.0
2200000.0;420.0;4.0;4.0;7.0
210000.0;75.0;2.0;2.0;1.0
6000000.0;680.0;5.0;6.0;7.0
19000000.0;1600.0;8.0;6.0;10.0
5200000.0;850.0;7.0;8.0;10.0
1300000.0;400.0;5.0;6.0;8.0
500000.0;111.0;3.0;6.0;3.0
480000.0;193.0;3.0;2.0;3.0
350000.0;95.0;2.0;1.0;3.0
280000.0;110.0;2.0;1.0;3.0
550000.0;182.0;4.0;3.0;3.0
1500000.0;500.0;5.0;3.0;6.0
450000.0;180.0;3.0;6.0;3.0
1800000.0;360.0;6.0;4.0;7.0
850000.0;168.0;4.0;4.0;3.0
750000.0;451.0;5.0;6.0;6.0
370000.0;222.0;3.0;2.0;3.0
1250000.0;266.0;4.0;4.0;4.0
300000.0;100.0;2.0;1.0;3.0
320000.0;111.0;2.0;2.0;3.0
320000.0;110.0;2.0;1.0;2.0
850000.0;270.0;4.0;4.0;5.0
3500000.0;600.0;5.0;4.0;6.0
4000000.0;501.0;4.0;4.0;7.0
520000.0;210.0;3.0;2.0;3.0
350000.0;109.0;2.0;2.0;4.0
18000000.0;600.0;5.0;2.0;6.0
1400000.0;380.0;4.0;4.0;5.0
1200000.0;224.0;6.0;4.0;1.0
540000.0;290.0;3.0;4.0;3.0
420000.0;215.0;3.0;3.0;3.0
320000.0;100.0;2.0;2.0;3.0
485000.0;200.0;4.0;3.0;3.0
530000.0;138.0;4.0;4.0;3.0
650000.0;230.0;5.0;4.0;3.0
850000.0;240.0;3.0;4.0;3.0
550000.0;138.0;4.0;4.0;3.0
490000.0;250.0;3.0;5.0;3.0
600000.0;243.0;4.0;4.0;5.0
300000.0;110.0;2.0;2.0;3.0
1400000.0;380.0;5.0;4.0;6.0
500000.0;200.0;3.0;8.0;2.0
1900000.0;400.0;5.0;4.0;3.0
450000.0;280.0;3.0;3.0;3.0
270000.0;85.0;2.0;2.0;2.0
300000.0;170.0;3.0;2.0;3.0
280000.0;70.0;2.0;1.0;2.0
450000.0;210.0;3.0;2.0;3.0
450000.0;250.0;3.0;3.0;3.0
680000.0;280.0;4.0;5.0;5.0
4500000.0;460.0;6.0;6.0;6.0
10000000.0;1500.0;8.0;4.0;12.0
6500000.0;740.0;5.0;6.0;8.0
360000.0;95.0;3.0;1.0;3.0
320000.0;110.0;2.0;1.0;2.0
450000.0;340.0;3.0;3.0;3.0
1100000.0;280.0;5.0;6.0;7.0
400000.0;140.0;3.0;2.0;1.0
900000.0;306.0;4.0;3.0;5.0
350000.0;125.0;3.0;1.0;2.0
437000.0;135.0;4.0;4.0;2.0
380000.0;120.0;2.0;1.0;3.0
300000.0;110.0;2.0;1.0;3.0
400000.0;120.0;3.0;2.0;2.0
700000.0;280.0;3.0;3.0;3.0
330000.0;120.0;3.0;2.0;3.0
380000.0;150.0;2.0;2.0;3.0
385000.0;106.0;2.0;2.0;3.0
170000.0;127.0;2.0;1.0;1.0
1000000.0;450.0;4.0;4.0;4.0
300000.0;110.0;2.0;2.0;3.0
550000.0;285.0;4.0;5.0;5.0
1900000.0;525.0;4.0;4.0;5.0
370000.0;110.0;2.0;2.0;3.0
17000000.0;1500.0;8.0;10.0;12.0
5300000.0;700.0;6.0;6.0;8.0
13000000.0;1000.0;6.0;3.0;8.0
440000.0;120.0;3.0;3.0;3.0
210000.0;999.0;2.0;1.0;2.0
600000.0;245.0;4.0;4.0;5.0
1100000.0;282.0;5.0;4.0;5.0
1550000.0;300.0;4.0;4.0;6.0
360000.0;95.0;3.0;1.0;3.0
850000.0;390.0;3.0;4.0;4.0
320000.0;300.0;4.0;2.0;3.0
760000.0;250.0;3.0;4.0;5.0
950000.0;250.0;5.0;4.0;5.0
1190000.0;323.0;5.0;4.0;6.0
670000.0;236.0;4.0;4.0;3.0
350000.0;120.0;2.0;2.0;3.0
650000.0;200.0;3.0;5.0;4.0
540000.0;150.0;3.0;;3.0
1200000.0;500.0;5.0;4.0;5.0
550000.0;180.0;3.0;4.0;3.0
500000.0;131.0;3.0;4.0;3.0
500000.0;110.0;3.0;2.0;2.0
570000.0;300.0;3.0;4.0;4.0
900000.0;250.0;4.0;4.0;5.0
1100000.0;328.0;5.0;4.0;7.0
6500000.0;690.0;4.0;4.0;5.0
6800000.0;900.0;7.0;6.0;6.0
670000.0;237.0;4.0;4.0;5.0
850000.0;390.0;4.0;4.0;4.0
950000.0;199.0;4.0;4.0;5.0
750000.0;200.0;5.0;3.0;4.0
360000.0;110.0;2.0;1.0;2.0
550000.0;180.0;4.0;4.0;6.0
900000.0;220.0;3.0;5.0;4.0
3000000.0;500.0;5.0;4.0;7.0
295000.0;95.0;2.0;1.0;2.0
450000.0;146.0;3.0;4.0;4.0
290000.0;80.0;2.0;1.0;3.0
700000.0;200.0;3.0;3.0;3.0
450000.0;150.0;3.0;4.0;3.0
650000.0;300.0;3.0;4.0;5.0
630000.0;180.0;3.0;4.0;2.0
420000.0;126.0;3.0;2.0;4.0
680000.0;450.0;4.0;5.0;3.0
660000.0;300.0;4.0;4.0;5.0
500000.0;500.0;3.0;3.0;4.0
550000.0;200.0;4.0;2.0;4.0
510000.0;310.0;4.0;4.0;5.0
8000000.0;880.0;6.0;4.0;7.0
5200000.0;850.0;7.0;8.0;10.0
6500000.0;740.0;5.0;6.0;8.0
250000.0;112.0;2.0;1.0;2.0
780000.0;253.0;3.0;3.0;5.0
750000.0;240.0;3.0;4.0;3.0
795000.0;396.0;4.0;4.0;4.0
850000.0;390.0;4.0;4.0;5.0
500000.0;130.0;3.0;2.0;3.0
800000.0;226.0;4.0;4.0;4.0
380000.0;110.0;2.0;2.0;2.0
380000.0;120.0;2.0;1.0;3.0
1250000.0;370.0;6.0;4.0;4.0
1100000.0;300.0;5.0;4.0;4.0
900000.0;230.0;4.0;4.0;6.0
650000.0;245.0;3.0;4.0;4.0
550000.0;300.0;3.0;4.0;3.0
300000.0;70.0;2.0;2.0;3.0
1000000.0;300.0;4.0;4.0;4.0
900000.0;600.0;4.0;6.0;6.0
780000.0;360.0;5.0;4.0;6.0
900000.0;335.0;4.0;4.0;6.0
320000.0;108.0;2.0;2.0;4.0
1500000.0;518.0;5.0;4.0;4.0
6000000.0;680.0;5.0;6.0;7.0
6500000.0;740.0;5.0;6.0;8.0
1100000.0;328.0;5.0;4.0;7.0
500000.0;200.0;3.0;5.0;3.0
550000.0;128.0;3.0;3.0;3.0
490000.0;130.0;3.0;3.0;3.0
450000.0;98.0;3.0;2.0;3.0
260000.0;85.0;2.0;1.0;2.0
550000.0;150.0;3.0;3.0;4.0
413400.0;112.0;3.0;1.0;4.0
890000.0;451.0;5.0;6.0;5.0
990000.0;200.0;4.0;4.0;7.0
580000.0;380.0;3.0;2.0;3.0
650000.0;220.0;4.0;4.0;3.0
590000.0;128.0;3.0;4.0;4.0
580000.0;170.0;3.0;4.0;2.0
960000.0;282.0;5.0;4.0;7.0
880000.0;300.0;4.0;6.0;4.0
1350000.0;380.0;6.0;4.0;6.0
650000.0;220.0;3.0;4.0;3.0
750000.0;280.0;4.0;4.0;4.0
570000.0;175.0;4.0;4.0;3.0
600000.0;200.0;3.0;4.0;2.0
1100000.0;290.0;4.0;3.0;5.0
25000000.0;1100.0;7.0;6.0;10.0
1200000.0;1000.0;5.0;3.0;5.0
10000000.0;1500.0;8.0;4.0;12.0
290000.0;120.0;2.0;1.0;1.0
700000.0;370.0;3.0;2.0;3.0
1750000.0;320.0;5.0;2.0;4.0
371000.0;188.0;3.0;2.0;3.0
350000.0;120.0;2.0;2.0;3.0
400000.0;150.0;2.0;2.0;3.0
850000.0;249.0;3.0;4.0;5.0
1300000.0;400.0;5.0;5.0;5.0
490000.0;198.0;3.0;3.0;4.0
1100000.0;400.0;4.0;4.0;5.0
1300000.0;480.0;5.0;5.0;6.0
280000.0;110.0;2.0;1.0;3.0
550000.0;238.0;4.0;4.0;4.0
1300000.0;300.0;4.0;5.0;5.0
650000.0;163.0;2.0;3.0;2.0
1300000.0;318.0;4.0;4.0;5.0
1350000.0;314.0;4.0;4.0;4.0
850000.0;250.0;4.0;4.0;3.0
680000.0;187.0;3.0;4.0;3.0
379900.0;107.0;2.0;1.0;2.0
360000.0;110.0;2.0;1.0;2.0
5300000.0;700.0;6.0;6.0;8.0
540000.0;290.0;3.0;4.0;3.0
19000000.0;1600.0;8.0;6.0;10.0
300000.0;110.0;2.0;1.0;3.0
480000.0;229.0;3.0;1.0;3.0
580000.0;260.0;3.0;4.0;4.0
785000.0;330.0;4.0;4.0;6.0
760000.0;280.0;3.0;4.0;5.0
890000.0;200.0;4.0;4.0;5.0
380000.0;120.0;2.0;1.0;3.0
260000.0;62.0;2.0;1.0;2.0
750000.0;315.0;4.0;6.0;5.0
425000.0;154.0;3.0;1.0;3.0
1180000.0;350.0;4.0;4.0;5.0
480000.0;128.0;4.0;4.0;3.0
1200000.0;353.0;4.0;6.0;4.0
1300000.0;406.0;4.0;3.0;4.0
3500000.0;500.0;4.0;5.0;6.0
580000.0;444.0;4.0;4.0;3.0
350000.0;150.0;2.0;2.0;3.0
500000.0;140.0;4.0;4.0;3.0
665000.0;197.0;4.0;4.0;4.0
630000.0;240.0;3.0;4.0;4.0
650000.0;216.0;4.0;3.0;4.0
1100000.0;328.0;5.0;4.0;7.0
1000000.0;340.0;4.0;4.0;7.0
680000.0;200.0;3.0;4.0;3.0
850000.0;484.0;3.0;4.0;2.0
550000.0;182.0;3.0;2.0;2.0
1100000.0;260.0;4.0;5.0;5.0
500000.0;402.0;3.0;4.0;3.0
680000.0;187.0;3.0;6.0;4.0
1100000.0;280.0;4.0;4.0;3.0
1490000.0;376.0;3.0;6.0;5.0
550000.0;180.0;3.0;2.0;4.0
340000.0;110.0;2.0;1.0;2.0
1500000.0;518.0;4.0;4.0;6.0
1200000.0;1000.0;4.0;4.0;3.0
1200000.0;350.0;4.0;5.0;5.0
1500000.0;364.0;4.0;4.0;7.0
235000.0;68.0;2.0;1.0;2.0
580000.0;220.0;3.0;3.0;4.0
1200000.0;347.0;5.0;4.0;4.0
1980000.0;600.0;4.0;5.0;5.0
680000.0;186.0;3.0;6.0;5.0
770000.0;280.0;3.0;6.0;3.0
1700000.0;450.0;5.0;4.0;7.0
245000.0;72.0;2.0;1.0;2.0
260000.0;80.0;3.0;1.0;2.0
770000.0;418.0;3.0;4.0;5.0
600000.0;196.0;3.0;5.0;2.0
1200000.0;219.0;4.0;4.0;5.0
350000.0;95.0;2.0;1.0;3.0
1500000.0;400.0;6.0;6.0;8.0
11000000.0;700.0;7.0;13.0;9.0
540000.0;150.0;3.0;;3.0
1200000.0;265.0;3.0;3.0;5.0
380000.0;100.0;1.0;2.0;1.0
290000.0;61.0;2.0;3.0;2.0
800000.0;600.0;3.0;4.0;3.0
650000.0;200.0;4.0;4.0;4.0
850000.0;280.0;4.0;2.0;4.0
750000.0;360.0;3.0;4.0;2.0
1380000.0;300.0;4.0;5.0;5.0
550000.0;240.0;4.0;3.0;4.0
230000.0;72.0;2.0;1.0;2.0
1500000.0;300.0;4.0;2.0;4.0
750000.0;225.0;5.0;4.0;4.0
1200000.0;480.0;4.0;6.0;5.0
600000.0;180.0;3.0;3.0;3.0
600000.0;170.0;3.0;3.0;4.0
850000.0;400.0;5.0;4.0;5.0
550000.0;190.0;4.0;5.0;4.0
550000.0;230.0;4.0;4.0;3.0
420000.0;144.0;4.0;3.0;3.0
370000.0;106.0;3.0;1.0;3.0
750000.0;150.0;4.0;4.0;4.0
1500000.0;300.0;4.0;4.0;6.0
1300000.0;300.0;4.0;6.0;4.0
180000.0;280.0;2.0;1.0;1.0
900000.0;230.0;4.0;4.0;3.0
1000000.0;600.0;8.0;5.0;7.0
700000.0;300.0;4.0;4.0;5.0
1300000.0;390.0;5.0;4.0;5.0
350000.0;94.0;2.0;1.0;3.0
1500000.0;310.0;5.0;4.0;3.0
750000.0;245.0;3.0;3.0;5.0
470000.0;435.0;4.0;4.0;2.0
500000.0;85.0;2.0;4.0;3.0
1000000.0;490.0;4.0;4.0;3.0
142120.0;131.0;2.0;1.0;1.0
810000.0;288.0;4.0;4.0;3.0
800000.0;188.0;3.0;5.0;5.0
650000.0;220.0;4.0;4.0;4.0
650000.0;176.0;3.0;2.0;2.0
550000.0;143.0;3.0;2.0;4.0
220000.0;50.0;2.0;1.0;2.0
1500000.0;270.0;5.0;5.0;6.0
1300000.0;320.0;4.0;4.0;4.0
720000.0;217.0;4.0;3.0;4.0
550000.0;300.0;3.0;2.0;3.0
240000.0;80.0;2.0;1.0;2.0
600000.0;245.0;3.0;3.0;4.0
1600000.0;700.0;4.0;4.0;5.0
1700000.0;380.0;4.0;4.0;7.0
400000.0;130.0;3.0;2.0;1.0
770000.0;418.0;3.0;4.0;5.0
800000.0;182.0;4.0;5.0;3.0
850000.0;630.0;3.0;3.0;3.0
1000000.0;300.0;4.0;5.0;5.0
420000.0;360.0;3.0;2.0;3.0
580000.0;100.0;3.0;3.0;3.0
1200000.0;400.0;4.0;4.0;3.0
3500000.0;410.0;5.0;6.0;7.0
1200000.0;490.0;3.0;3.0;4.0
950000.0;325.0;5.0;2.0;6.0
200000.0;70.0;2.0;1.0;2.0
1000000.0;460.0;5.0;4.0;6.0
650000.0;275.0;3.0;4.0;2.0
1200000.0;480.0;6.0;5.0;5.0
800000.0;380.0;4.0;4.0;5.0
1272000.0;450.0;6.0;5.0;4.0
600000.0;245.0;3.0;3.0;5.0
800000.0;235.0;4.0;6.0;3.0
245000.0;90.0;2.0;1.0;1.0
380000.0;120.0;2.0;1.0;3.0
300000.0;98.0;3.0;1.0;3.0
249000.0;75.0;2.0;1.0;2.0
1150000.0;291.0;4.0;6.0;6.0
800000.0;230.0;3.0;4.0;3.0
850000.0;385.0;6.0;6.0;4.0
530000.0;138.0;4.0;4.0;3.0
190000.0;90.0;2.0;1.0;1.0
850000.0;205.0;3.0;4.0;4.0
210000.0;68.0;2.0;1.0;2.0
530000.0;200.0;3.0;2.0;2.0
330000.0;95.0;2.0;1.0;2.0
700000.0;250.0;3.0;5.0;5.0
1600000.0;450.0;4.0;6.0;4.0
299000.0;82.0;2.0;1.0;3.0
510000.0;131.0;3.0;3.0;3.0
350000.0;89.0;3.0;2.0;2.0
1200000.0;350.0;4.0;4.0;4.0
780000.0;236.0;4.0;5.0;4.0
850000.0;180.0;4.0;4.0;3.0
280000.0;86.0;3.0;1.0;2.0
1100000.0;360.0;3.0;4.0;4.0
600000.0;400.0;5.0;5.0;3.0
950000.0;274.0;4.0;4.0;5.0
300000.0;95.0;2.0;1.0;3.0
590000.0;300.0;3.0;6.0;4.0
2500000.0;500.0;5.0;4.0;7.0
550000.0;160.0;3.0;3.0;2.0
750000.0;430.0;5.0;7.0;7.0
1400000.0;450.0;5.0;4.0;4.0
650000.0;260.0;4.0;4.0;3.0
760000.0;418.0;3.0;4.0;5.0
300000.0;90.0;2.0;1.0;3.0
290000.0;90.0;2.0;1.0;1.0
500000.0;160.0;3.0;2.0;2.0
750500.0;275.0;4.0;4.0;3.0
950000.0;545.0;6.0;4.0;7.0
1100000.0;390.0;5.0;4.0;4.0
1500000.0;280.0;4.0;5.0;4.0
580000.0;220.0;3.0;3.0;1.0
300000.0;65.0;2.0;1.0;2.0
290000.0;75.0;2.0;1.0;2.0
320000.0;90.0;3.0;2.0;1.0
900000.0;400.0;4.0;4.0;5.0
1700000.0;299.0;5.0;4.0;5.0
680000.0;450.0;4.0;4.0;5.0
890000.0;233.0;5.0;3.0;5.0
580000.0;144.0;4.0;5.0;3.0
500000.0;198.0;3.0;2.0;4.0
1950000.0;209.0;6.0;5.0;5.0
690000.0;320.0;5.0;4.0;6.0
350000.0;89.0;3.0;2.0;2.0
2500000.0;490.0;4.0;4.0;5.0
450000.0;150.0;2.0;2.0;2.0
1300000.0;321.0;5.0;4.0;4.0
2756000.0;420.0;4.0;4.0;6.0
1200000.0;353.0;5.0;4.0;6.0
480000.0;200.0;3.0;1.0;2.0
690000.0;203.0;3.0;5.0;4.0
800000.0;188.0;3.0;5.0;4.0
950000.0;188.0;4.0;3.0;5.0
650000.0;236.0;5.0;3.0;4.0
1200000.0;314.0;6.0;4.0;5.0
1000000.0;200.0;3.0;3.0;4.0
1000000.0;352.0;4.0;3.0;5.0
1000000.0;270.0;5.0;5.0;5.0
720000.0;460.0;3.0;4.0;6.0
3200000.0;400.0;5.0;4.0;7.0
350000.0;100.0;2.0;1.0;3.0
5500000.0;493.0;6.0;4.0;7.0
600000.0;198.0;4.0;4.0;4.0
550000.0;200.0;3.0;2.0;3.0
990000.0;300.0;4.0;4.0;3.0
600000.0;300.0;3.0;2.0;3.0
245000.0;65.0;2.0;1.0;1.0
1100000.0;200.0;3.0;3.0;4.0
700000.0;190.0;4.0;4.0;3.0
600000.0;300.0;3.0;2.0;4.0
750000.0;418.0;3.0;4.0;4.0
590000.0;245.0;4.0;3.0;5.0
750000.0;210.0;3.0;2.0;3.0
650000.0;150.0;4.0;4.0;2.0
400000.0;200.0;3.0;1.0;3.0
780000.0;320.0;3.0;;3.0
1200000.0;330.0;4.0;3.0;4.0
1500000.0;480.0;4.0;3.0;6.0
1100000.0;170.0;3.0;6.0;3.0
1380000.0;400.0;3.0;3.0;3.0
980000.0;490.0;4.0;4.0;5.0
445000.0;478.0;2.0;4.0;1.0
1180000.0;270.0;4.0;4.0;3.0
340000.0;110.0;3.0;1.0;2.0
580000.0;320.0;3.0;3.0;2.0
900000.0;300.0;4.0;3.0;5.0
590000.0;147.0;3.0;4.0;3.0
1100000.0;259.0;6.0;3.0;6.0
1200000.0;380.0;4.0;4.0;6.0
960000.0;370.0;4.0;4.0;3.0
190000.0;70.0;2.0;1.0;1.0
2500000.0;450.0;4.0;3.0;6.0
1400000.0;320.0;4.0;4.0;6.0
649000.0;245.0;3.0;3.0;4.0
1866000.0;300.0;4.0;;5.0
780000.0;300.0;3.0;4.0;2.0
590000.0;245.0;3.0;3.0;4.0
750000.0;139.0;3.0;4.0;4.0
590000.0;220.0;4.0;2.0;4.0
1200000.0;400.0;4.0;5.0;5.0
1500000.0;390.0;5.0;4.0;6.0
1400000.0;380.0;4.0;4.0;5.0
220000.0;70.0;2.0;1.0;2.0
1400000.0;280.0;4.0;2.0;5.0
285000.0;75.0;2.0;1.0;1.0
1200000.0;350.0;6.0;3.0;7.0
1400000.0;360.0;5.0;5.0;6.0
170000.0;125.0;2.0;;1.0
1200000.0;200.0;4.0;4.0;3.0
750000.0;451.0;5.0;8.0;8.0
18000000.0;818.0;10.0;10.0;12.0
530000.0;125.0;3.0;2.0;4.0
600000.0;200.0;3.0;1.0;2.0
630000.0;540.0;6.0;4.0;3.0
300000.0;90.0;3.0;1.0;2.0
1800000.0;600.0;5.0;4.0;6.0
680000.0;250.0;4.0;2.0;3.0
200000.0;250.0;2.0;3.0;1.0
290000.0;75.0;2.0;1.0;2.0
1300000.0;400.0;5.0;5.0;5.0
2200000.0;415.0;5.0;2.0;5.0
1200000.0;280.0;4.0;5.0;2.0
215000.0;52.0;2.0;1.0;1.0
245000.0;74.0;2.0;1.0;1.0
790000.0;280.0;3.0;;4.0
2250000.0;290.0;4.0;4.0;5.0
500000.0;125.0;3.0;3.0;2.0
2500000.0;400.0;4.0;6.0;7.0
1850000.0;400.0;5.0;5.0;7.0
1007000.0;230.0;4.0;6.0;5.0
300000.0;74.0;2.0;1.0;2.0
550000.0;200.0;2.0;3.0;2.0
2500000.0;400.0;5.0;4.0;6.0
280000.0;70.0;2.0;1.0;1.0
750000.0;339.0;5.0;5.0;3.0
1800000.0;292.0;6.0;4.0;4.0
750000.0;300.0;4.0;3.0;5.0
330000.0;100.0;3.0;1.0;1.0
1100000.0;315.0;5.0;4.0;5.0
1300000.0;984.0;3.0;4.0;3.0
1090000.0;250.0;5.0;4.0;6.0
1850000.0;390.0;5.0;5.0;7.0
1000000.0;280.0;4.0;4.0;4.0
920000.0;300.0;4.0;4.0;3.0
350000.0;75.0;2.0;1.0;2.0
1200000.0;290.0;5.0;4.0;4.0
1890000.0;650.0;5.0;4.0;6.0
650000.0;298.0;2.0;3.0;3.0
380000.0;140.0;2.0;1.0;2.0
1700000.0;400.0;5.0;3.0;5.0
270000.0;68.0;2.0;1.0;2.0
1700000.0;280.0;4.0;2.0;4.0
650000.0;350.0;4.0;3.0;3.0
954000.0;125.0;2.0;2.0;2.0
1200000.0;300.0;5.0;2.0;6.0
1000000.0;300.0;5.0;3.0;4.0
1150000.0;318.0;4.0;4.0;3.0
950000.0;220.0;4.0;3.0;5.0
1600000.0;320.0;5.0;3.0;7.0
300000.0;85.0;2.0;1.0;2.0
950000.0;306.0;3.0;3.0;4.0
690000.0;250.0;4.0;5.0;2.0
310000.0;70.0;2.0;1.0;2.0
1400000.0;315.0;4.0;4.0;5.0
1200000.0;360.0;4.0;4.0;4.0
1500000.0;480.0;8.0;4.0;10.0
750000.0;100.0;3.0;6.0;2.0
700000.0;338.0;5.0;5.0;3.0
1100000.0;400.0;4.0;4.0;4.0
550000.0;278.0;4.0;4.0;3.0
295000.0;70.0;2.0;1.0;2.0
2800000.0;450.0;4.0;4.0;6.0
1400000.0;315.0;4.0;4.0;4.0
580000.0;180.0;3.0;3.0;4.0
650000.0;236.0;5.0;;3.0
1100000.0;338.0;4.0;6.0;5.0
350000.0;90.0;2.0;1.0;2.0
400000.0;418.0;3.0;3.0;1.0
490000.0;94.0;3.0;2.0;1.0
1200000.0;347.0;4.0;4.0;4.0
3200000.0;450.0;5.0;2.0;7.0
800000.0;257.0;4.0;5.0;4.0
600000.0;300.0;3.0;6.0;3.0
1100000.0;305.0;8.0;3.0;3.0
2250000.0;380.0;4.0;4.0;5.0
300000.0;80.0;2.0;1.0;3.0
1666000.0;300.0;4.0;;5.0
1250000.0;266.0;4.0;4.0;5.0
850000.0;400.0;4.0;3.0;2.0
680000.0;128.0;4.0;3.0;4.0
1400000.0;390.0;5.0;4.0;4.0
580000.0;122.0;4.0;4.0;3.0
790000.0;280.0;5.0;3.0;3.0
2800000.0;430.0;5.0;4.0;7.0
630000.0;180.0;3.0;;3.0
1340000.0;315.0;4.0;4.0;5.0
1400000.0;430.0;4.0;4.0;6.0
600000.0;120.0;3.0;6.0;2.0
320000.0;73.0;2.0;1.0;2.0
500000.0;140.0;4.0;4.0;4.0
280000.0;65.0;2.0;1.0;2.0
420000.0;180.0;3.0;2.0;3.0
500000.0;120.0;4.0;3.0;3.0
415000.0;85.0;2.0;2.0;2.0
430000.0;150.0;3.0;4.0;2.0
480000.0;92.0;3.0;1.0;2.0
259700.0;80.0;2.0;1.0;3.0
1000000.0;220.0;5.0;6.0;4.0
320000.0;90.0;2.0;1.0;2.0
1200000.0;317.0;5.0;2.0;6.0
1100000.0;250.0;4.0;4.0;3.0
750000.0;194.0;3.0;2.0;1.0
2200000.0;278.0;5.0;4.0;3.0
690000.0;290.0;5.0;6.0;4.0
950000.0;400.0;4.0;3.0;5.0
990000.0;250.0;4.0;4.0;5.0
160000.0;53.0;2.0;1.0;1.0
300000.0;77.0;2.0;1.0;2.0
250000.0;120.0;2.0;1.0;1.0
1200000.0;250.0;3.0;4.0;4.0
700000.0;301.0;3.0;4.0;2.0
580000.0;187.0;4.0;10.0;3.0
700000.0;300.0;4.0;3.0;3.0
580000.0;250.0;4.0;2.0;3.0
1600000.0;300.0;4.0;4.0;6.0
1660000.0;370.0;5.0;3.0;7.0
450000.0;150.0;3.0;4.0;2.0
640000.0;180.0;5.0;3.0;3.0
1700000.0;390.0;4.0;4.0;5.0
1200000.0;220.0;4.0;4.0;2.0
880000.0;300.0;3.0;2.0;3.0
530000.0;149.0;3.0;2.0;1.0
1300000.0;400.0;3.0;4.0;4.0
475000.0;112.0;3.0;1.0;4.0
350000.0;250.0;2.0;1.0;3.0
645000.0;150.0;3.0;1.0;3.0
1000000.0;184.0;3.0;3.0;4.0
1300000.0;450.0;4.0;4.0;5.0
245000.0;75.0;2.0;1.0;2.0
800000.0;310.0;4.0;4.0;3.0
1130000.0;300.0;3.0;6.0;5.0
1200000.0;360.0;4.0;4.0;5.0
225000.0;65.0;2.0;1.0;2.0
900000.0;290.0;5.0;5.0;3.0
1000000.0;414.0;5.0;7.0;5.0
475000.0;112.0;3.0;1.0;4.0
1100000.0;280.0;3.0;5.0;3.0
495000.0;90.0;2.0;2.0;3.0
1300000.0;350.0;4.0;4.0;5.0
1400000.0;320.0;5.0;4.0;7.0
890000.0;550.0;4.0;10.0;7.0
700000.0;150.0;3.0;2.0;2.0
360000.0;75.0;2.0;1.0;2.0
1500000.0;400.0;4.0;4.0;5.0
480000.0;95.0;3.0;2.0;3.0
3100000.0;430.0;6.0;4.0;7.0
1200000.0;525.0;3.0;2.0;5.0
1280000.0;320.0;4.0;4.0;3.0
600000.0;320.0;6.0;4.0;5.0
900000.0;360.0;4.0;2.0;4.0
1650000.0;555.0;4.0;6.0;5.0
1500000.0;350.0;4.0;;5.0
630000.0;289.0;6.0;5.0;4.0
230000.0;52.0;2.0;1.0;2.0
1200000.0;286.0;5.0;4.0;2.0
650000.0;120.0;3.0;2.0;2.0
1600000.0;450.0;4.0;6.0;5.0
660000.0;220.0;3.0;1.0;5.0
1400000.0;391.0;4.0;6.0;4.0
1050000.0;240.0;4.0;3.0;4.0
900000.0;650.0;5.0;;3.0
650000.0;200.0;4.0;2.0;3.0
430000.0;80.0;3.0;2.0;2.0
2650000.0;420.0;4.0;4.0;5.0
1100000.0;480.0;3.0;5.0;6.0
650000.0;200.0;3.0;2.0;3.0
190000.0;52.0;2.0;1.0;2.0
286000.0;74.0;3.0;1.0;1.0
950000.0;400.0;3.0;4.0;7.0
650000.0;266.0;4.0;5.0;4.0
850000.0;350.0;3.0;3.0;3.0
530000.0;95.0;3.0;2.0;3.0
800000.0;450.0;5.0;5.0;5.0
320000.0;80.0;2.0;1.0;2.0
299000.0;81.0;3.0;1.0;2.0
430000.0;102.0;3.0;1.0;3.0
250000.0;58.0;1.0;1.0;2.0
750000.0;280.0;3.0;3.0;3.0
500000.0;100.0;2.0;2.0;3.0
1500000.0;390.0;4.0;4.0;5.0
400000.0;150.0;2.0;2.0;1.0
1080000.0;420.0;3.0;4.0;5.0
1260000.0;380.0;3.0;4.0;5.0
800000.0;280.0;4.0;4.0;4.0
1050000.0;480.0;5.0;3.0;6.0
950000.0;450.0;3.0;4.0;4.0
800000.0;200.0;4.0;5.0;1.0
7000000.0;500.0;6.0;6.0;7.0
790000.0;144.0;4.0;4.0;5.0
1170000.0;325.0;3.0;3.0;5.0
550000.0;240.0;3.0;2.0;2.0
1150000.0;240.0;5.0;4.0;5.0
2500000.0;575.0;6.0;5.0;4.0
550000.0;200.0;4.0;2.0;4.0
280000.0;107.0;3.0;1.0;2.0
1850000.0;300.0;4.0;4.0;6.0
2700000.0;390.0;5.0;4.0;7.0
850000.0;300.0;5.0;6.0;3.0
1700000.0;784.0;4.0;4.0;2.0
300000.0;177.0;2.0;1.0;2.0
850000.0;507.0;4.0;7.0;9.0
2800000.0;380.0;5.0;4.0;5.0
550000.0;120.0;4.0;3.0;3.0
320000.0;80.0;2.0;1.0;3.0
850000.0;255.0;4.0;;4.0
1350000.0;650.0;4.0;2.0;6.0
2500000.0;502.0;5.0;5.0;9.0
550000.0;140.0;3.0;1.0;2.0
1500000.0;420.0;4.0;4.0;4.0
550000.0;120.0;3.0;1.0;4.0
1700000.0;280.0;4.0;4.0;6.0
725000.0;197.0;4.0;4.0;3.0
1300000.0;230.0;4.0;5.0;3.0
1600000.0;320.0;4.0;4.0;4.0
650000.0;400.0;4.0;3.0;3.0
500000.0;187.0;2.0;2.0;2.0
500000.0;160.0;4.0;2.0;3.0
4500000.0;460.0;6.0;6.0;6.0
550000.0;250.0;4.0;2.0;2.0
1900000.0;400.0;3.0;5.0;3.0
1250000.0;220.0;3.0;4.0;5.0
380000.0;98.0;3.0;2.0;2.0
1300000.0;420.0;4.0;4.0;3.0
950000.0;260.0;5.0;4.0;5.0
460000.0;110.0;3.0;1.0;3.0
690000.0;140.0;3.0;2.0;4.0
1300000.0;225.0;4.0;5.0;3.0
1700000.0;1000.0;4.0;2.0;4.0
1380000.0;400.0;6.0;5.0;5.0
600000.0;239.0;2.0;2.0;2.0
850000.0;220.0;4.0;3.0;3.0
1800000.0;210.0;4.0;4.0;5.0
1300000.0;390.0;4.0;2.0;4.0
2200000.0;420.0;5.0;4.0;6.0
3500000.0;450.0;5.0;4.0;7.0
470000.0;432.0;2.0;5.0;2.0
1200000.0;300.0;4.0;4.0;3.0
1600000.0;490.0;4.0;4.0;4.0
700000.0;338.0;4.0;5.0;3.0
1200000.0;250.0;4.0;4.0;4.0
300000.0;73.0;2.0;1.0;2.0
650000.0;350.0;4.0;3.0;4.0
1650000.0;400.0;5.0;7.0;4.0
1200000.0;390.0;4.0;4.0;5.0
1600000.0;400.0;5.0;4.0;6.0
420000.0;186.0;3.0;2.0;1.0
1800000.0;340.0;5.0;4.0;8.0
950000.0;400.0;4.0;3.0;5.0
980000.0;380.0;5.0;4.0;5.0
360000.0;183.0;2.0;1.0;1.0
1200000.0;348.0;4.0;4.0;2.0
1666000.0;300.0;3.0;3.0;4.0
1700000.0;340.0;4.0;6.0;5.0
350000.0;74.0;2.0;1.0;2.0
1500000.0;800.0;4.0;3.0;3.0
1300000.0;600.0;6.0;4.0;8.0
880000.0;185.0;4.0;2.0;4.0
770000.0;280.0;4.0;5.0;5.0
230000.0;70.0;2.0;1.0;1.0
1300000.0;300.0;4.0;4.0;3.0
436050.0;135.0;4.0;4.0;2.0
750000.0;300.0;5.0;7.0;4.0
1200000.0;280.0;4.0;3.0;3.0
750000.0;418.0;3.0;4.0;5.0
350000.0;74.0;2.0;1.0;2.0
1900000.0;460.0;5.0;4.0;5.0
1400000.0;450.0;4.0;6.0;4.0
500000.0;120.0;2.0;6.0;3.0
250000.0;74.0;2.0;1.0;2.0
1500000.0;290.0;5.0;4.0;6.0
560000.0;260.0;3.0;1.0;2.0
490000.0;110.0;3.0;1.0;3.0
950000.0;400.0;3.0;4.0;7.0
335000.0;85.0;3.0;2.0;1.0
330000.0;76.0;3.0;1.0;1.0
650000.0;200.0;4.0;3.0;3.0
1100000.0;328.0;3.0;2.0;4.0
530000.0;120.0;3.0;3.0;2.0
795000.0;540.0;6.0;4.0;1.0
8000000.0;400.0;4.0;6.0;6.0
800000.0;300.0;3.0;8.0;3.0
1200000.0;420.0;6.0;6.0;5.0
2300000.0;400.0;5.0;4.0;7.0
1100000.0;200.0;3.0;3.0;4.0
1500000.0;420.0;5.0;4.0;6.0
350000.0;95.0;3.0;1.0;2.0
320000.0;75.0;2.0;1.0;2.0
300000.0;67.0;2.0;1.0;2.0
1150000.0;260.0;4.0;4.0;4.0
1200000.0;490.0;4.0;4.0;5.0
3200000.0;1577.0;10.0;8.0;10.0
920000.0;364.0;3.0;2.0;3.0
465000.0;85.0;2.0;2.0;3.0
2200000.0;450.0;6.0;4.0;8.0
250000.0;70.0;2.0;1.0;1.0
950000.0;200.0;3.0;3.0;4.0
750000.0;200.0;3.0;2.0;2.0
1350000.0;240.0;4.0;3.0;3.0
1800000.0;700.0;4.0;4.0;6.0
1600000.0;468.0;5.0;4.0;4.0
1272000.0;345.0;4.0;5.0;5.0
1400000.0;280.0;4.0;4.0;6.0
680000.0;187.0;4.0;6.0;6.0
1100000.0;410.0;5.0;7.0;6.0
2000000.0;320.0;5.0;3.0;8.0
530000.0;111.0;3.0;4.0;3.0
1300000.0;350.0;7.0;4.0;5.0
1200000.0;320.0;5.0;5.0;5.0
1200000.0;350.0;5.0;3.0;7.0
850000.0;270.0;4.0;4.0;5.0
1390000.0;315.0;4.0;6.0;6.0
2000000.0;500.0;4.0;3.0;4.0
580000.0;300.0;4.0;5.0;5.0
800000.0;200.0;4.0;2.0;3.0
3900000.0;576.0;4.0;6.0;5.0
300000.0;74.0;3.0;1.0;2.0
1900000.0;700.0;5.0;4.0;4.0
3000000.0;650.0;4.0;4.0;6.0
850000.0;276.0;4.0;4.0;1.0
1200000.0;300.0;3.0;3.0;4.0
2800000.0;500.0;4.0;6.0;7.0
850000.0;290.0;4.0;2.0;4.0
6500000.0;1000.0;6.0;4.0;8.0
260000.0;70.0;2.0;1.0;1.0
500000.0;215.0;3.0;2.0;3.0
330000.0;78.0;2.0;1.0;1.0
1250000.0;250.0;4.0;2.0;6.0
580000.0;170.0;3.0;2.0;1.0
650000.0;165.0;4.0;6.0;3.0
650000.0;149.0;2.0;2.0;1.0
1270000.0;280.0;3.0;2.0;4.0
18000000.0;1411.0;10.0;;12.0
900000.0;168.0;4.0;3.0;5.0
650000.0;275.0;3.0;4.0;2.0
290000.0;68.0;2.0;1.0;2.0
1350000.0;450.0;5.0;4.0;7.0
650000.0;147.0;3.0;2.0;3.0
550000.0;280.0;2.0;3.0;3.0
310000.0;68.0;2.0;1.0;2.0
700000.0;179.0;6.0;6.0;6.0
2400000.0;400.0;4.0;4.0;7.0
850000.0;167.0;4.0;3.0;4.0
700000.0;540.0;6.0;4.0;6.0
2500000.0;502.0;5.0;5.0;9.0
900000.0;184.0;3.0;2.0;3.0
1000000.0;173.0;3.0;4.0;4.0
2800000.0;470.0;4.0;4.0;6.0
2000000.0;337.0;4.0;2.0;6.0
850000.0;250.0;3.0;2.0;3.0
1100000.0;230.0;3.0;2.0;4.0
680000.0;230.0;3.0;1.0;4.0
650000.0;225.0;4.0;;4.0
565000.0;130.0;3.0;2.0;4.0
1000000.0;409.0;5.0;5.0;7.0
600000.0;280.0;6.0;3.0;6.0
330000.0;85.0;3.0;1.0;2.0
2200000.0;580.0;6.0;3.0;8.0
1650000.0;420.0;5.0;4.0;7.0
240000.0;60.0;2.0;1.0;1.0
1200000.0;290.0;3.0;4.0;5.0
1330000.0;240.0;4.0;4.0;4.0
1750000.0;360.0;4.0;2.0;6.0
280000.0;68.0;2.0;1.0;1.0
340000.0;80.0;2.0;1.0;2.0
1600000.0;280.0;3.0;2.0;2.0
400000.0;151.0;2.0;1.0;2.0
340000.0;97.0;4.0;1.0;2.0
350000.0;75.0;2.0;1.0;2.0
1550000.0;300.0;4.0;4.0;6.0
1000000.0;352.0;4.0;3.0;5.0
498000.0;95.0;3.0;2.0;2.0
1575000.0;420.0;4.0;6.0;3.0
4750000.0;2461.0;6.0;4.0;8.0
650000.0;395.0;4.0;3.0;2.0
600000.0;450.0;4.0;8.0;2.0
850000.0;168.0;4.0;4.0;1.0
1800000.0;390.0;4.0;4.0;5.0
1940000.0;257.0;4.0;4.0;5.0
800000.0;240.0;3.0;3.0;4.0
1360000.0;390.0;3.0;3.0;5.0
800000.0;400.0;3.0;4.0;3.0
260000.0;62.0;3.0;2.0;1.0
1500000.0;300.0;4.0;4.0;6.0
1600000.0;362.0;4.0;5.0;5.0
1670000.0;280.0;3.0;4.0;4.0
1300000.0;300.0;4.0;2.0;4.0
340000.0;56.0;2.0;;2.0
950000.0;721.0;4.0;4.0;4.0
320000.0;90.0;2.0;1.0;1.0
350000.0;76.0;2.0;1.0;1.0
1500000.0;280.0;4.0;2.0;7.0
449000.0;91.0;3.0;1.0;3.0
1600000.0;400.0;4.0;4.0;4.0
600000.0;196.0;5.0;3.0;4.0
2500000.0;420.0;5.0;4.0;7.0
600000.0;212.0;3.0;2.0;3.0
1100000.0;480.0;4.0;4.0;3.0
1400000.0;340.0;5.0;;4.0
550000.0;175.0;3.0;3.0;2.0
1300000.0;650.0;6.0;4.0;5.0
660000.0;220.0;3.0;1.0;4.0
650000.0;200.0;4.0;3.0;4.0
1899900.0;370.0;5.0;3.0;6.0
215000.0;58.0;2.0;1.0;1.0
550000.0;250.0;5.0;2.0;3.0
1250000.0;400.0;5.0;4.0;5.0
2200000.0;500.0;5.0;4.0;7.0
750000.0;167.0;3.0;2.0;3.0
1875000.0;288.0;4.0;4.0;6.0
750000.0;150.0;3.0;;3.0
670000.0;330.0;3.0;2.0;3.0
2150000.0;390.0;4.0;4.0;5.0
540000.0;154.0;3.0;1.0;2.0
320000.0;74.0;2.0;1.0;2.0
650000.0;300.0;4.0;5.0;4.0
1500000.0;408.0;6.0;5.0;7.0
1300000.0;215.0;3.0;6.0;4.0
340000.0;75.0;3.0;1.0;1.0
4900000.0;500.0;5.0;4.0;5.0
1850000.0;336.0;4.0;4.0;5.0
1280000.0;358.0;4.0;6.0;5.0
175000.0;50.0;2.0;1.0;1.0
1000000.0;280.0;4.0;4.0;2.0
3500000.0;850.0;6.0;4.0;8.0
436050.0;136.0;4.0;;2.0
1100000.0;280.0;4.0;7.0;3.0
750000.0;339.0;3.0;4.0;2.0
4000000.0;780.0;6.0;6.0;9.0
320000.0;75.0;3.0;1.0;1.0
3000000.0;750.0;5.0;6.0;7.0
500000.0;110.0;3.0;6.0;2.0
1220000.0;240.0;5.0;4.0;3.0
550000.0;598.0;3.0;1.0;2.0
295000.0;74.0;2.0;1.0;1.0
1300000.0;167.0;3.0;2.0;1.0
550000.0;360.0;3.0;3.0;2.0
1000000.0;410.0;5.0;10.0;6.0
1800000.0;480.0;6.0;6.0;6.0
3100000.0;380.0;3.0;4.0;4.0
1400000.0;400.0;5.0;4.0;6.0
690000.0;240.0;4.0;2.0;5.0
1700000.0;320.0;5.0;3.0;6.0
1350000.0;365.0;4.0;4.0;5.0
5250000.0;484.0;6.0;6.0;7.0
1800000.0;320.0;5.0;2.0;7.0
215000.0;58.0;2.0;1.0;1.0
680000.0;304.0;4.0;;2.0
1650000.0;500.0;4.0;2.0;4.0
850000.0;120.0;2.0;2.0;2.0
1500000.0;750.0;5.0;5.0;6.0
2500000.0;650.0;5.0;6.0;7.0
1290000.0;232.0;4.0;5.0;3.0
1290000.0;232.0;4.0;5.0;3.0
1050000.0;233.0;4.0;4.0;5.0
1300000.0;350.0;4.0;2.0;4.0
400000.0;200.0;3.0;1.0;1.0
1800000.0;381.0;4.0;4.0;4.0
1000000.0;360.0;4.0;3.0;3.0
700000.0;338.0;5.0;2.0;3.0
2100000.0;360.0;3.0;8.0;3.0
2500000.0;490.0;6.0;4.0;7.0
1850000.0;324.0;4.0;6.0;4.0
870000.0;400.0;3.0;4.0;5.0
650000.0;160.0;3.0;2.0;3.0
900000.0;160.0;4.0;4.0;5.0
1500000.0;290.0;4.0;6.0;4.0
350000.0;75.0;2.0;1.0;1.0
370000.0;90.0;3.0;1.0;1.0
1378000.0;288.0;4.0;4.0;6.0
1700000.0;700.0;4.0;5.0;6.0
1200000.0;250.0;3.0;4.0;4.0
980000.0;280.0;5.0;6.0;3.0
1250000.0;250.0;3.0;4.0;5.0
240000.0;78.0;3.0;1.0;1.0
795000.0;300.0;5.0;6.0;4.0
6500000.0;740.0;5.0;6.0;8.0
890000.0;334.0;5.0;8.0;6.0
11000000.0;750.0;6.0;3.0;7.0
2000000.0;400.0;4.0;6.0;6.0
220000.0;70.0;2.0;2.0;1.0
318000.0;74.0;3.0;1.0;1.0
1200000.0;250.0;5.0;2.0;4.0
1800000.0;360.0;4.0;4.0;3.0
280000.0;75.0;2.0;1.0;2.0
3800000.0;300.0;6.0;6.0;7.0
4000000.0;780.0;9.0;6.0;10.0
850000.0;183.0;3.0;2.0;4.0
1500000.0;200.0;3.0;3.0;3.0
299000.0;80.0;2.0;1.0;1.0
750000.0;142.0;3.0;2.0;3.0
18000000.0;818.0;10.0;10.0;12.0
1950000.0;900.0;6.0;4.0;7.0
2200000.0;335.0;4.0;4.0;5.0
550000.0;124.0;2.0;5.0;2.0
1700000.0;350.0;5.0;4.0;5.0
650000.0;118.0;4.0;2.0;2.0
215000.0;58.0;2.0;1.0;1.0
2500000.0;372.0;6.0;4.0;8.0
890000.0;335.0;5.0;10.0;7.0
1100000.0;500.0;4.0;4.0;5.0
16000000.0;818.0;10.0;;10.0
1100000.0;320.0;5.0;4.0;6.0
900000.0;334.0;5.0;10.0;2.0
1500000.0;280.0;4.0;4.0;6.0
1250000.0;180.0;3.0;4.0;4.0
800000.0;516.0;3.0;4.0;3.0
180000.0;100.0;2.0;1.0;1.0
1700000.0;230.0;5.0;4.0;6.0
3500000.0;480.0;5.0;4.0;7.0
630000.0;160.0;3.0;3.0;2.0
2500000.0;506.0;6.0;5.0;4.0
1060000.0;400.0;4.0;4.0;5.0
18000000.0;1411.0;10.0;12.0;13.0
1200000.0;401.0;6.0;4.0;6.0
1000000.0;220.0;5.0;6.0;3.0
1866000.0;300.0;3.0;3.0;4.0
2250000.0;400.0;4.0;6.0;6.0
880000.0;185.0;4.0;2.0;4.0
550000.0;200.0;4.0;3.0;3.0
1250000.0;390.0;3.0;3.0;4.0
5200000.0;850.0;7.0;8.0;10.0
1900000.0;450.0;5.0;4.0;7.0
460000.0;125.0;2.0;1.0;2.0
780000.0;310.0;3.0;;4.0
650000.0;300.0;5.0;4.0;4.0
850000.0;98.0;2.0;2.0;2.0
570000.0;180.0;4.0;3.0;2.0
3700000.0;500.0;7.0;;7.0
1300000.0;400.0;6.0;6.0;7.0
900000.0;650.0;5.0;10.0;7.0
4500000.0;750.0;5.0;4.0;5.0
1100000.0;220.0;5.0;3.0;4.0
500000.0;218.0;4.0;8.0;4.0
3200000.0;390.0;4.0;4.0;5.0
1800000.0;390.0;3.0;4.0;3.0
990000.0;167.0;5.0;4.0;5.0
900000.0;150.0;3.0;6.0;1.0
1100000.0;200.0;3.0;4.0;2.0
3600000.0;485.0;6.0;4.0;5.0
2450000.0;600.0;6.0;5.0;5.0
685000.0;180.0;3.0;1.0;3.0
1350000.0;351.0;4.0;6.0;5.0
850000.0;160.0;4.0;3.0;3.0
1700000.0;360.0;4.0;4.0;6.0
230000.0;65.0;2.0;1.0;1.0
3100000.0;1577.0;10.0;6.0;10.0
750000.0;420.0;4.0;4.0;2.0
850000.0;184.0;3.0;4.0;3.0
2450000.0;480.0;4.0;4.0;6.0
480000.0;92.0;3.0;1.0;2.0
1800000.0;480.0;5.0;4.0;6.0
930000.0;400.0;3.0;7.0;6.0
350000.0;70.0;2.0;1.0;2.0
2200000.0;300.0;4.0;4.0;4.0
210000.0;58.0;2.0;1.0;2.0
3800000.0;450.0;6.0;4.0;9.0
3100000.0;450.0;6.0;4.0;9.0
850000.0;230.0;4.0;6.0;3.0
1800000.0;430.0;4.0;6.0;6.0
1180000.0;350.0;4.0;8.0;3.0
1200000.0;380.0;5.0;4.0;5.0
650000.0;100.0;3.0;3.0;2.0
1800000.0;292.0;4.0;4.0;5.0
1000000.0;480.0;8.0;2.0;6.0
4300000.0;400.0;5.0;4.0;7.0
285000.0;60.0;2.0;1.0;2.0
1200000.0;290.0;4.0;4.0;4.0
750000.0;160.0;3.0;2.0;3.0
5500000.0;700.0;5.0;4.0;7.0
288000.0;71.0;3.0;1.0;2.0
800000.0;291.0;4.0;3.0;1.0
1500000.0;406.0;6.0;5.0;8.0
1500000.0;380.0;4.0;4.0;6.0
250000.0;58.0;2.0;1.0;1.0
800000.0;250.0;4.0;6.0;3.0
1600000.0;230.0;4.0;7.0;5.0
380000.0;70.0;2.0;2.0;2.0
600000.0;280.0;3.0;1.0;2.0
1200000.0;300.0;4.0;;4.0
1800000.0;350.0;3.0;4.0;5.0
950000.0;420.0;4.0;3.0;3.0
2000000.0;630.0;6.0;4.0;6.0
1100000.0;325.0;3.0;3.0;1.0
1200000.0;115.0;3.0;2.0;2.0
600000.0;120.0;3.0;2.0;3.0
1300000.0;380.0;3.0;6.0;3.0
1300000.0;300.0;5.0;2.0;3.0
1200000.0;400.0;4.0;6.0;3.0
1250000.0;420.0;3.0;4.0;2.0
1361000.0;1833.0;3.0;4.0;3.0
1843374.0;643.0;3.0;4.0;3.0
1050000.0;200.0;3.0;6.0;4.0
3200000.0;460.0;6.0;4.0;8.0
2200000.0;400.0;6.0;5.0;4.0
990000.0;378.0;4.0;8.0;4.0
450000.0;100.0;2.0;1.0;2.0
2200000.0;430.0;5.0;4.0;3.0
1900000.0;346.0;4.0;4.0;6.0
315000.0;68.0;3.0;1.0;4.0
1100000.0;250.0;3.0;4.0;4.0
1700000.0;450.0;6.0;3.0;7.0
3500000.0;476.0;5.0;4.0;7.0
870000.0;1050.0;3.0;6.0;5.0
1325000.0;240.0;5.0;4.0;2.0
2000000.0;380.0;5.0;3.0;4.0
2000000.0;450.0;5.0;4.0;5.0
290000.0;62.0;2.0;1.0;1.0
1500000.0;280.0;4.0;4.0;5.0
5500000.0;700.0;6.0;;8.0
3600000.0;800.0;5.0;9.0;7.0
800000.0;250.0;3.0;4.0;2.0
750000.0;300.0;4.0;5.0;4.0
240000.0;108.0;4.0;1.0;2.0
1500000.0;524.0;3.0;2.0;2.0
1400000.0;325.0;6.0;4.0;8.0
420000.0;168.0;2.0;2.0;1.0
901000.0;450.0;7.0;5.0;6.0
1800000.0;292.0;4.0;4.0;4.0
5000000.0;1100.0;6.0;4.0;8.0
1900000.0;420.0;4.0;2.0;4.0
750000.0;142.0;3.0;2.0;3.0
1200000.0;330.0;5.0;3.0;7.0
1430000.0;600.0;4.0;;6.0
3500000.0;420.0;5.0;4.0;7.0
1100000.0;290.0;4.0;3.0;4.0
2200000.0;1577.0;10.0;6.0;10.0
900000.0;400.0;7.0;4.0;8.0
1100000.0;200.0;3.0;1.0;1.0
1600000.0;500.0;7.0;5.0;7.0
3900000.0;576.0;4.0;6.0;6.0
1700000.0;360.0;4.0;3.0;3.0
1400000.0;600.0;4.0;4.0;5.0
710000.0;144.0;3.0;2.0;3.0
750000.0;263.0;5.0;3.0;5.0
1400000.0;277.0;3.0;4.0;2.0
1800000.0;450.0;5.0;4.0;4.0
1300000.0;274.0;3.0;;4.0
1500000.0;315.0;4.0;4.0;3.0
900000.0;409.0;8.0;2.0;5.0
420000.0;136.0;3.0;2.0;1.0
1950000.0;257.0;4.0;3.0;6.0
1200000.0;168.0;3.0;3.0;4.0
950000.0;220.0;5.0;5.0;5.0
4200000.0;400.0;4.0;8.0;5.0
1200000.0;260.0;4.0;2.0;6.0
2500000.0;575.0;6.0;4.0;4.0
720000.0;100.0;3.0;6.0;3.0
700000.0;215.0;4.0;2.0;2.0
5900000.0;700.0;6.0;4.0;7.0
1500000.0;210.0;5.0;3.0;2.0
430000.0;150.0;4.0;1.0;3.0
1700000.0;450.0;3.0;3.0;4.0
1300000.0;240.0;4.0;3.0;2.0
2000000.0;600.0;6.0;5.0;6.0
1400000.0;360.0;4.0;4.0;6.0
4999000.0;797.0;5.0;6.0;8.0
3800000.0;750.0;7.0;6.0;9.0
850000.0;320.0;3.0;1.0;3.0
800000.0;250.0;3.0;;4.0
830000.0;160.0;2.0;2.0;2.0
1350000.0;300.0;6.0;4.0;3.0
1950000.0;450.0;4.0;4.0;5.0
3800000.0;450.0;1.0;6.0;8.0
1300000.0;250.0;3.0;4.0;2.0
1500000.0;390.0;4.0;4.0;5.0
1100000.0;190.0;3.0;4.0;3.0
600000.0;158.0;4.0;4.0;3.0
1550000.0;440.0;6.0;6.0;7.0
850000.0;250.0;4.0;4.0;2.0
1800000.0;380.0;4.0;3.0;6.0
450000.0;90.0;3.0;1.0;2.0
250000.0;56.0;2.0;1.0;1.0
4500000.0;576.0;4.0;8.0;5.0
3500000.0;550.0;4.0;3.0;5.0
1800000.0;595.0;5.0;2.0;6.0
800000.0;180.0;5.0;4.0;2.0
880000.0;200.0;3.0;1.0;4.0
1200000.0;218.0;3.0;4.0;5.0
310000.0;82.0;2.0;1.0;1.0
1800000.0;700.0;4.0;4.0;9.0
2500000.0;450.0;9.0;5.0;8.0
1350000.0;246.0;3.0;4.0;2.0
800000.0;334.0;5.0;10.0;7.0
900000.0;360.0;4.0;2.0;5.0
850000.0;120.0;3.0;2.0;4.0
2800000.0;436.0;5.0;6.0;7.0
1000000.0;320.0;3.0;3.0;3.0
5000000.0;900.0;6.0;4.0;8.0
2200000.0;430.0;5.0;4.0;5.0
2400000.0;420.0;4.0;4.0;5.0
1600000.0;495.0;4.0;5.0;6.0
450000.0;85.0;2.0;2.0;2.0
400000.0;100.0;3.0;1.0;2.0
1800000.0;400.0;4.0;4.0;5.0
1100000.0;190.0;4.0;3.0;4.0
2500000.0;420.0;5.0;4.0;7.0
968000.0;444.0;6.0;3.0;7.0
8800000.0;1000.0;8.0;8.0;12.0
1000000.0;314.0;5.0;5.0;6.0
1700000.0;530.0;6.0;6.0;6.0
1100000.0;200.0;3.0;1.0;5.0
2200000.0;270.0;4.0;4.0;4.0
900000.0;334.0;5.0;10.0;2.0
2800000.0;400.0;5.0;4.0;8.0
2200000.0;420.0;4.0;4.0;6.0
590000.0;300.0;6.0;12.0;6.0
950000.0;216.0;4.0;4.0;4.0
1200000.0;230.0;4.0;4.0;2.0
1596000.0;300.0;4.0;;5.0
2700000.0;380.0;6.0;6.0;9.0
1800000.0;390.0;4.0;4.0;6.0
2300000.0;730.0;4.0;3.0;5.0
1000000.0;138.0;3.0;4.0;3.0
3500000.0;490.0;5.0;4.0;7.0
900000.0;212.0;4.0;4.0;3.0
240000.0;55.0;2.0;1.0;1.0
450000.0;202.0;2.0;2.0;2.0
900000.0;450.0;6.0;6.0;5.0
800000.0;270.0;5.0;5.0;2.0
999000.0;132.0;3.0;2.0;1.0
1000000.0;260.0;4.0;4.0;4.0
275000.0;70.0;2.0;1.0;2.0
2120000.0;257.0;4.0;2.0;6.0
600000.0;229.0;3.0;2.0;4.0
1200000.0;300.0;5.0;3.0;5.0
1800000.0;381.0;3.0;4.0;5.0
2500000.0;390.0;4.0;4.0;5.0
1500000.0;330.0;3.0;8.0;3.0
1200000.0;400.0;5.0;6.0;5.0
980000.0;180.0;3.0;2.0;3.0
2200000.0;403.0;4.0;4.0;6.0
450000.0;156.0;3.0;2.0;2.0
900000.0;366.0;4.0;2.0;4.0
1300000.0;140.0;3.0;3.0;2.0
220000.0;53.0;2.0;1.0;1.0
2600000.0;320.0;5.0;4.0;6.0
2000000.0;850.0;4.0;4.0;7.0
2250000.0;450.0;4.0;2.0;5.0
2000000.0;380.0;4.0;4.0;6.0
1200000.0;400.0;4.0;4.0;4.0
795000.0;335.0;5.0;10.0;7.0
1118000.0;219.0;4.0;4.0;3.0
2300000.0;680.0;5.0;6.0;7.0
1800000.0;262.0;4.0;4.0;4.0
250000.0;70.0;2.0;1.0;2.0
750000.0;200.0;3.0;10.0;3.0
1500000.0;267.0;3.0;3.0;5.0
449000.0;92.0;3.0;1.0;1.0
760500.0;350.0;7.0;;6.0
436050.0;135.0;4.0;;2.0
1200000.0;290.0;4.0;4.0;2.0
1800000.0;292.0;4.0;4.0;6.0
1100000.0;290.0;3.0;2.0;2.0
850000.0;184.0;4.0;3.0;4.0
2500000.0;544.0;4.0;2.0;5.0
3700000.0;430.0;4.0;4.0;6.0
950000.0;184.0;3.0;3.0;4.0
950000.0;184.0;3.0;3.0;4.0
270000.0;76.0;2.0;1.0;1.0
700000.0;550.0;4.0;5.0;1.0
800000.0;280.0;5.0;6.0;3.0
1490000.0;600.0;4.0;3.0;4.0
1500000.0;250.0;4.0;6.0;4.0
3300000.0;380.0;4.0;6.0;6.0
2200000.0;250.0;4.0;4.0;5.0
3200000.0;500.0;6.0;4.0;8.0
2200000.0;302.0;4.0;4.0;6.0
1500000.0;400.0;6.0;6.0;6.0
1000000.0;360.0;5.0;4.0;2.0
1800000.0;292.0;4.0;4.0;5.0
1380000.0;320.0;3.0;2.0;3.0
4000000.0;550.0;4.0;4.0;6.0
300000.0;60.0;1.0;1.0;1.0
3500000.0;513.0;4.0;4.0;7.0
1500000.0;240.0;4.0;4.0;4.0
1007000.0;220.0;4.0;3.0;2.0
900000.0;450.0;8.0;6.0;4.0
599000.0;195.0;5.0;3.0;4.0
4500000.0;750.0;8.0;4.0;9.0
180000.0;53.0;2.0;1.0;1.0
700000.0;167.0;3.0;1.0;3.0
3000000.0;400.0;5.0;6.0;10.0
1300000.0;280.0;5.0;4.0;6.0
1000000.0;180.0;4.0;2.0;2.0
3100000.0;650.0;5.0;4.0;7.0
840000.0;250.0;4.0;4.0;2.0
2200000.0;400.0;4.0;6.0;4.0
450000.0;250.0;5.0;3.0;3.0
750000.0;295.0;4.0;4.0;4.0
1900000.0;650.0;6.0;4.0;8.0
1700000.0;350.0;7.0;4.0;6.0
1100000.0;440.0;4.0;6.0;5.0
3800000.0;320.0;5.0;4.0;7.0
1200000.0;288.0;3.0;3.0;3.0
500000.0;100.0;3.0;1.0;2.0
1400000.0;458.0;4.0;4.0;5.0
295000.0;216.0;5.0;;2.0
680000.0;339.0;4.0;6.0;4.0
11500000.0;1200.0;6.0;6.0;8.0
2500000.0;505.0;4.0;6.0;7.0
1300000.0;980.0;5.0;5.0;3.0
500000.0;95.0;3.0;1.0;2.0
3500000.0;450.0;5.0;10.0;5.0
650000.0;245.0;3.0;2.0;1.0
1200000.0;270.0;3.0;3.0;4.0
2900000.0;320.0;4.0;4.0;6.0
360000.0;104.0;2.0;1.0;2.0
2800000.0;356.0;4.0;4.0;6.0
3200000.0;380.0;5.0;4.0;7.0
245000.0;60.0;2.0;1.0;1.0
1450000.0;230.0;3.0;2.0;4.0
800000.0;250.0;3.0;6.0;2.0
1990000.0;533.0;4.0;4.0;10.0
1700000.0;360.0;3.0;4.0;6.0
1700000.0;660.0;6.0;5.0;2.0
2800000.0;398.0;4.0;3.0;5.0
1050000.0;290.0;4.0;;5.0
3000000.0;350.0;4.0;4.0;6.0
225000.0;60.0;2.0;1.0;1.0
1200000.0;305.0;8.0;3.0;6.0
1100000.0;140.0;3.0;3.0;1.0
6500000.0;780.0;8.0;4.0;12.0
800000.0;114.0;3.0;1.0;3.0
2600000.0;580.0;6.0;10.0;8.0
1200000.0;300.0;4.0;3.0;1.0
520000.0;333.0;4.0;;4.0
770000.0;142.0;3.0;2.0;3.0
200000.0;58.0;2.0;1.0;1.0
1800000.0;460.0;4.0;3.0;5.0
300000.0;70.0;2.0;2.0;2.0
2000000.0;448.0;4.0;4.0;5.0
2500000.0;421.0;5.0;5.0;6.0
1480000.0;320.0;3.0;;4.0
1750000.0;350.0;5.0;2.0;5.0
9000000.0;1575.0;8.0;6.0;9.0
1100000.0;305.0;8.0;3.0;5.0
1500000.0;300.0;4.0;4.0;6.0
1950000.0;257.0;4.0;3.0;5.0
650000.0;120.0;3.0;1.0;3.0
750000.0;142.0;3.0;2.0;3.0
1200000.0;922.0;5.0;5.0;5.0
1000000.0;360.0;5.0;4.0;2.0
1850000.0;398.0;4.0;4.0;4.0
2100000.0;257.0;5.0;4.0;4.0
1200000.0;420.0;4.0;3.0;5.0
2100000.0;410.0;5.0;4.0;7.0
680000.0;87.0;3.0;2.0;2.0
1300000.0;329.0;4.0;3.0;4.0
1950000.0;257.0;4.0;4.0;5.0
1950000.0;900.0;6.0;4.0;7.0
436050.0;2502.0;4.0;;1.0
1200000.0;250.0;4.0;5.0;3.0
1200000.0;280.0;3.0;2.0;2.0
774000.0;150.0;2.0;2.0;2.0
1700000.0;450.0;5.0;2.0;6.0
4500000.0;600.0;4.0;6.0;6.0
6000000.0;590.0;9.0;5.0;10.0
1800000.0;292.0;4.0;4.0;4.0
1850000.0;460.0;4.0;6.0;5.0
1700000.0;3202.0;5.0;4.0;5.0
1750000.0;406.0;6.0;5.0;7.0
1800000.0;480.0;5.0;6.0;5.0
320000.0;86.0;2.0;1.0;1.0
1200000.0;250.0;4.0;5.0;3.0
900000.0;524.0;3.0;2.0;2.0
900000.0;167.0;6.0;5.0;6.0
2250000.0;360.0;4.0;3.0;5.0
770000.0;418.0;3.0;4.0;5.0
1490000.0;250.0;3.0;4.0;5.0
2000000.0;209.0;6.0;5.0;5.0
930000.0;180.0;4.0;2.0;4.0
1400000.0;224.0;4.0;;4.0
800000.0;480.0;3.0;8.0;2.0
850000.0;150.0;4.0;3.0;5.0
950000.0;480.0;3.0;2.0;2.0
2600000.0;490.0;5.0;4.0;6.0
2500000.0;400.0;5.0;4.0;6.0
1850000.0;398.0;4.0;2.0;6.0
1300000.0;247.0;3.0;3.0;4.0
1500000.0;480.0;4.0;4.0;6.0
2500000.0;475.0;6.0;4.0;5.0
1800000.0;720.0;4.0;4.0;6.0
700000.0;95.0;2.0;1.0;2.0
1800000.0;292.0;4.0;4.0;6.0
1650000.0;250.0;4.0;2.0;5.0
1250000.0;360.0;4.0;2.0;3.0
1100000.0;286.0;4.0;4.0;3.0
1730000.0;310.0;4.0;5.0;6.0
5000000.0;750.0;5.0;6.0;7.0
5500000.0;800.0;5.0;6.0;7.0
800000.0;250.0;4.0;4.0;2.0
2400000.0;489.0;5.0;4.0;7.0
2800000.0;820.0;5.0;6.0;7.0
900000.0;930.0;3.0;8.0;2.0
1850000.0;900.0;5.0;4.0;6.0
5700000.0;650.0;6.0;6.0;8.0
3000000.0;500.0;5.0;4.0;5.0
4452000.0;600.0;6.0;8.0;6.0
650000.0;250.0;4.0;3.0;2.0
2500000.0;400.0;4.0;4.0;5.0
2200000.0;200.0;5.0;3.0;5.0
550000.0;150.0;4.0;3.0;3.0
1400000.0;334.0;5.0;;6.0
3000000.0;577.0;10.0;10.0;13.0
2500000.0;380.0;4.0;4.0;5.0
800000.0;200.0;4.0;2.0;5.0
2200000.0;380.0;5.0;4.0;6.0
499000.0;100.0;1.0;6.0;3.0
3500000.0;450.0;6.0;4.0;8.0
1000000.0;173.0;3.0;4.0;1.0
4490000.0;700.0;6.0;6.0;8.0
980000.0;144.0;3.0;6.0;5.0
880000.0;185.0;4.0;2.0;4.0
5000000.0;1100.0;5.0;4.0;7.0
1500000.0;384.0;3.0;4.0;4.0
745000.0;180.0;5.0;2.0;4.0
2760000.0;420.0;4.0;4.0;7.0
1500000.0;168.0;4.0;3.0;5.0
1900000.0;480.0;4.0;4.0;3.0
2500000.0;390.0;5.0;4.0;6.0
930000.0;180.0;4.0;2.0;4.0
1400000.0;400.0;5.0;4.0;7.0
15000000.0;1560.0;6.0;8.0;8.0
420000.0;70.0;2.0;1.0;1.0
3700000.0;750.0;6.0;6.0;8.0
3700000.0;750.0;6.0;6.0;8.0
1500000.0;350.0;4.0;4.0;2.0
1800000.0;220.0;5.0;4.0;4.0
14000000.0;1200.0;6.0;8.0;8.0
1200000.0;287.0;5.0;4.0;5.0
320000.0;100.0;2.0;;3.0
2500000.0;520.0;5.0;3.0;7.0
17000000.0;1500.0;9.0;6.0;14.0
2800000.0;480.0;4.0;5.0;3.0
1500000.0;660.0;6.0;5.0;4.0
230000.0;75.0;2.0;;1.0
650000.0;107.0;2.0;1.0;3.0
1600000.0;400.0;5.0;5.0;5.0
7000000.0;400.0;5.0;4.0;7.0
3800000.0;614.0;5.0;4.0;7.0
1100000.0;219.0;4.0;4.0;4.0
3300000.0;780.0;6.0;6.0;8.0
2450000.0;390.0;4.0;3.0;5.0
1600000.0;5420.0;3.0;3.0;4.0
1800000.0;381.0;3.0;4.0;5.0
1500000.0;265.0;4.0;4.0;4.0
325000.0;70.0;2.0;1.0;1.0
18000000.0;1600.0;8.0;4.0;10.0
1800000.0;287.0;5.0;6.0;6.0
2200000.0;300.0;4.0;;5.0
2600000.0;700.0;4.0;4.0;5.0
5400000.0;380.0;3.0;4.0;3.0
1272000.0;280.0;3.0;4.0;3.0
1060000.0;138.0;3.0;3.0;3.0
17000000.0;1900.0;8.0;10.0;9.0
1900000.0;480.0;6.0;2.0;2.0
1255000.0;400.0;3.0;4.0;3.0
1800000.0;690.0;5.0;4.0;6.0
1500000.0;480.0;3.0;3.0;5.0
1600000.0;280.0;5.0;4.0;5.0
1000000.0;300.0;10.0;2.0;8.0
1500000.0;515.0;5.0;4.0;4.0
270000.0;65.0;2.0;1.0;2.0
3850000.0;650.0;7.0;6.0;9.0
880000.0;185.0;4.0;2.0;4.0
2000000.0;518.0;4.0;4.0;4.0
2500000.0;500.0;6.0;3.0;7.0
2500000.0;400.0;4.0;4.0;5.0
3300000.0;480.0;5.0;4.0;7.0
610000.0;100.0;3.0;3.0;5.0
1980000.0;600.0;4.0;4.0;4.0
1700000.0;394.0;4.0;4.0;7.0
2000000.0;450.0;5.0;4.0;7.0
550000.0;112.0;4.0;3.0;3.0
1800000.0;324.0;5.0;4.0;4.0
1100000.0;290.0;3.0;2.0;3.0
600000.0;180.0;3.0;2.0;1.0
12000000.0;800.0;6.0;6.0;8.0
1700000.0;600.0;7.0;4.0;6.0
1800000.0;525.0;4.0;4.0;5.0
800000.0;240.0;4.0;3.0;4.0
965000.0;197.0;3.0;2.0;3.0
2100000.0;440.0;5.0;5.0;4.0
1000000.0;190.0;2.0;4.0;3.0
4000000.0;750.0;5.0;4.0;6.0
1500000.0;265.0;4.0;4.0;4.0
1700000.0;365.0;6.0;3.0;5.0
225000.0;58.0;2.0;1.0;1.0
2500000.0;420.0;4.0;3.0;5.0
3900000.0;576.0;4.0;8.0;5.0
1200000.0;250.0;3.0;2.0;3.0
1550000.0;685.0;6.0;2.0;8.0
480000.0;80.0;2.0;3.0;2.0
1500000.0;408.0;6.0;5.0;7.0
1300000.0;211.0;4.0;7.0;3.0
2670000.0;670.0;4.0;5.0;3.0
2800000.0;390.0;5.0;4.0;6.0
2100000.0;350.0;6.0;6.0;6.0
1400000.0;450.0;4.0;4.0;5.0
4500000.0;405.0;4.0;4.0;6.0
6000000.0;1250.0;6.0;6.0;8.0
2500000.0;1500.0;10.0;8.0;11.0
1575000.0;420.0;4.0;6.0;4.0
3000000.0;500.0;4.0;2.0;6.0
650000.0;135.0;3.0;1.0;3.0
1200000.0;300.0;5.0;3.0;1.0
2000000.0;504.0;4.0;4.0;6.0
1600000.0;420.0;5.0;4.0;6.0
1050000.0;480.0;4.0;6.0;4.0
2400000.0;400.0;5.0;4.0;7.0
4500000.0;700.0;4.0;5.0;4.0
14000000.0;1620.0;8.0;10.0;10.0
225000.0;50.0;2.0;1.0;1.0
580000.0;320.0;2.0;4.0;2.0
660000.0;232.0;6.0;3.0;4.0
6000000.0;782.0;5.0;6.0;7.0
1500000.0;387.0;4.0;4.0;5.0
3400000.0;475.0;5.0;4.0;6.0
7900000.0;470.0;6.0;5.0;7.0
1300000.0;489.0;6.0;5.0;5.0
1400000.0;260.0;3.0;2.0;4.0
1199000.0;320.0;5.0;5.0;5.0
3500000.0;450.0;6.0;4.0;8.0
1500000.0;400.0;4.0;6.0;5.0
3500000.0;901.0;7.0;;7.0
1499900.0;370.0;5.0;;7.0
550000.0;142.0;3.0;1.0;1.0
1700000.0;360.0;4.0;4.0;2.0
2200000.0;400.0;4.0;4.0;5.0
6000000.0;680.0;5.0;6.0;7.0
240000.0;54.0;2.0;1.0;1.0
476500.0;135.0;4.0;;1.0
1300000.0;250.0;3.0;10.0;4.0
650000.0;350.0;2.0;3.0;1.0
6000000.0;782.0;5.0;6.0;8.0
1280000.0;200.0;4.0;2.0;4.0
1100000.0;137.0;3.0;2.0;2.0
1600000.0;250.0;3.0;4.0;4.0
2000000.0;490.0;5.0;4.0;7.0
8900000.0;1000.0;8.0;8.0;10.0
1431000.0;360.0;5.0;2.0;6.0
1800000.0;292.0;6.0;4.0;5.0
1800000.0;381.0;3.0;4.0;3.0
22000000.0;700.0;8.0;4.0;6.0
4900000.0;1000.0;10.0;8.0;10.0
750000.0;200.0;3.0;2.0;4.0
3000000.0;700.0;4.0;4.0;5.0
3450000.0;500.0;4.0;5.0;5.0
3200000.0;350.0;4.0;4.0;4.0
4500000.0;650.0;6.0;4.0;8.0
700000.0;100.0;3.0;;2.0
750000.0;180.0;3.0;2.0;3.0
1500000.0;350.0;4.0;10.0;6.0
1200000.0;250.0;5.0;5.0;5.0
1500000.0;239.0;4.0;2.0;3.0
1900000.0;319.0;4.0;4.0;6.0
1800000.0;430.0;4.0;4.0;3.0
2500000.0;490.0;4.0;4.0;5.0
1350000.0;400.0;4.0;3.0;2.0
5000000.0;420.0;6.0;4.0;8.0
2800000.0;390.0;5.0;4.0;6.0
850000.0;507.0;4.0;7.0;9.0
1400000.0;325.0;5.0;5.0;4.0
1000000.0;184.0;3.0;3.0;4.0
3500000.0;319.0;5.0;4.0;6.0
5900000.0;650.0;8.0;6.0;9.0
1500000.0;406.0;3.0;5.0;1.0
2700000.0;340.0;5.0;4.0;6.0
8000000.0;750.0;7.0;4.0;9.0
4400000.0;556.0;6.0;4.0;7.0
1100000.0;400.0;4.0;6.0;3.0
2500000.0;416.0;5.0;8.0;5.0
900000.0;180.0;3.0;2.0;1.0
600000.0;150.0;4.0;5.0;4.0
1100000.0;214.0;5.0;5.0;5.0
18000000.0;1606.0;8.0;8.0;10.0
4000000.0;590.0;6.0;4.0;8.0
2200000.0;320.0;4.0;5.0;4.0
4200000.0;420.0;6.0;4.0;7.0
3500000.0;550.0;8.0;10.0;9.0
1850000.0;300.0;4.0;4.0;6.0
1290000.0;400.0;5.0;6.0;7.0
1500000.0;518.0;4.0;4.0;6.0
2800000.0;420.0;5.0;4.0;6.0
4500000.0;576.0;4.0;6.0;5.0
2500000.0;640.0;7.0;5.0;5.0
1500000.0;281.0;5.0;4.0;5.0
2800000.0;418.0;5.0;4.0;6.0
2500000.0;340.0;4.0;5.0;5.0
3000000.0;360.0;5.0;4.0;5.0
475000.0;51.0;2.0;1.0;2.0
1800000.0;380.0;4.0;6.0;6.0
2500000.0;380.0;5.0;4.0;6.0
470000.0;96.0;5.0;2.0;1.0
2000000.0;360.0;4.0;4.0;6.0
3200000.0;380.0;5.0;4.0;6.0
750000.0;126.0;2.0;2.0;4.0
2200000.0;650.0;5.0;4.0;7.0
3000000.0;760.0;4.0;1.0;8.0
15000000.0;690.0;9.0;6.0;10.0
1540000.0;450.0;6.0;8.0;5.0
1500000.0;450.0;4.0;;1.0
16500000.0;502.0;4.0;4.0;6.0
1000000.0;184.0;3.0;3.0;4.0
1100000.0;480.0;4.0;;4.0
1050000.0;480.0;4.0;6.0;1.0
2900000.0;600.0;4.0;4.0;4.0
1600000.0;264.0;4.0;;3.0
3700000.0;750.0;6.0;6.0;10.0
1500000.0;394.0;3.0;6.0;5.0
1500000.0;245.0;3.0;1.0;4.0
1500000.0;300.0;4.0;4.0;5.0
999000.0;635.0;10.0;2.0;12.0
795000.0;150.0;4.0;3.0;5.0
950000.0;184.0;3.0;3.0;2.0
2698000.0;371.0;5.0;4.0;7.0
1800000.0;450.0;3.0;4.0;3.0
3200000.0;460.0;5.0;4.0;6.0
1050000.0;390.0;8.0;3.0;6.0
1500000.0;535.0;3.0;4.0;6.0
450000.0;80.0;3.0;3.0;1.0
2100000.0;480.0;5.0;4.0;6.0
900000.0;268.0;4.0;2.0;4.0
16000000.0;818.0;10.0;12.0;15.0
2300000.0;455.0;6.0;5.0;6.0
1950000.0;487.0;5.0;10.0;5.0
600000.0;250.0;4.0;2.0;1.0
1500000.0;240.0;4.0;10.0;4.0
3000000.0;320.0;4.0;3.0;3.0
2300000.0;750.0;9.0;6.0;12.0
2500000.0;450.0;4.0;4.0;4.0
2350000.0;500.0;4.0;7.0;2.0
950000.0;310.0;7.0;3.0;8.0
2500000.0;720.0;5.0;4.0;7.0
1900000.0;380.0;3.0;4.0;4.0
3700000.0;420.0;5.0;4.0;6.0
436050.0;135.0;4.0;;1.0
1980000.0;600.0;4.0;5.0;8.0
1300000.0;250.0;4.0;3.0;4.0
520000.0;120.0;3.0;1.0;2.0
18000000.0;818.0;10.0;5.0;14.0
1350000.0;250.0;3.0;2.0;2.0
3300000.0;514.0;6.0;6.0;7.0
3500000.0;380.0;4.0;4.0;6.0
1600000.0;280.0;4.0;;4.0
950000.0;180.0;3.0;3.0;3.0
1500000.0;500.0;4.0;8.0;6.0
955000.0;220.0;4.0;;4.0
650000.0;400.0;4.0;8.0;3.0
